id,description,bestby,price
1,Mashed Sweet Potatoes,24-03-2026,434.96
2,Insulated Cooler,28-02-2026,929.68
3,Shower Curtain Hooks,09-08-2026,2897.57
4,Hiking Gaiters,13-08-2025,186.36
5,Ceramic Planter Set,05-04-2026,3454.26
6,Sports Bottle,30-01-2026,1758.24
7,Frozen Chicken Nuggets,12-07-2026,2822.66
8,Mint Chocolate Chip Ice Cream,10-10-2025,4934.74
9,Bluetooth Car Adapter,23-05-2026,3933.74
10,Vacuum Sealer Machine,17-06-2026,627.90
11,Granola Clusters,11-12-2025,4634.65
12,Walnut Halves,30-03-2026,1385.97
13,Set of Silicone Cooking Utensils,30-08-2025,1212.83
14,Blueberry Oatmeal Cups,20-09-2025,2454.00
15,Camping Tent,31-08-2025,2183.60
16,Travel Beach Blanket,12-06-2026,2657.71
17,Spicy Tuna Rolls,04-06-2026,4393.75
18,Teriyaki Salmon Fillets,15-05-2026,1508.36
19,Travel Laundry Bag,22-10-2025,1800.79
20,Spaghetti Squash,24-02-2026,1066.36
21,High-Quality Yoga Mat,28-05-2026,3796.19
22,Roasted Garlic Pasta Sauce,29-09-2025,4490.62
23,Coconut Chia Pudding,29-07-2026,4627.40
24,Vegetable Broth,29-10-2025,1107.83
25,Desk Organizer Set,06-05-2026,1553.83
26,Organic Black Beans,28-05-2026,747.90
27,Wireless Gaming Headset,12-10-2025,4757.19
28,Electronic Drum Kit,13-12-2025,4411.80
29,Silicone Baking Mat,07-08-2026,4890.18
30,Pineapple Chunks (canned),16-05-2026,1570.27
31,Garden Tool Set with Carrying Bag,19-05-2026,4921.29
32,Instant Mashed Potatoes,26-06-2026,4374.73
33,Zesty Cilantro Lime Dressing,01-12-2025,1876.15
34,Outdoor Camping Lantern,04-02-2026,1203.55
35,Pet Grooming Kit,22-04-2026,3397.82
36,Spicy Kimchi,14-09-2025,4377.83
37,Coconut Curry Chicken,19-11-2025,3029.00
38,Spicy Italian Sausage,13-04-2026,833.66
39,Coconut Cashew Yogurt,12-06-2026,3267.23
40,Baking Powder,25-04-2026,3348.61
41,Vegan Caesar Dressing,14-11-2025,4505.39
42,Rustic Wooden Picture Frame,29-05-2026,4228.67
43,Apple Cinnamon Instant Oatmeal,08-11-2025,1075.84
44,Luxury Bathrobe,23-06-2026,3712.06
45,Cinnamon Sugar Popcorn,28-11-2025,807.61
46,Fresh Lemons,07-12-2025,4455.56
47,Portable Electric Fan,15-03-2026,782.10
48,Vegetable Stir-Fry Sauce,18-11-2025,1740.99
49,Outdoor Sports Backpack,18-05-2026,970.76
50,Decorative Throw Blanket,18-01-2026,3141.37
51,Lightweight Travel Backpack,23-04-2026,2160.97
52,Set of Measuring Spoons,05-12-2025,2969.44
53,Chickpeas,08-12-2025,2772.46
54,Ready-to-Eat Chili,26-05-2026,1495.97
55,Digital Camera,10-03-2026,397.00
56,Mini Fondue Set,01-01-2026,2502.85
57,Artisan Pickles,28-06-2026,336.69
58,Digital Drawing Tablet,27-10-2025,1388.40
59,Blueberry Chia Jam,28-03-2026,4593.65
60,Leek and Potato Soup,15-11-2025,3907.19
61,Wrap Jumpsuit,28-12-2025,1438.90
62,Bamboo Cutting Board,24-02-2026,4129.39
63,Stainless Steel Water Pitcher,09-10-2025,3632.67
64,Kale and Quinoa Salad,06-12-2025,2745.14
65,Interactive Robot Toy,21-11-2025,3863.53
66,Smart LED Desk Lamp,25-10-2025,891.99
67,Sous Vide Cooker,14-10-2025,4298.65
68,Pet Food Storage Container,31-01-2026,4431.68
69,Lentil Vegetable Stew,24-04-2026,468.26
70,Organic Green Apples,21-06-2026,633.17
71,Coconut Chips,20-07-2026,404.62
72,Zesty Garlic Hummus,02-09-2025,2746.27
73,Fruit Infuser Water Bottle,06-11-2025,4706.67
74,Organic Chia Seeds,04-08-2026,2030.30
75,Chocolate Fudge Ice Cream,02-12-2025,1072.20
76,Sourdough Bread,06-11-2025,4904.41
77,Teriyaki Salmon Fillets,27-10-2025,2047.96
78,Vegetable Fried Rice Mix,10-05-2026,2094.47
79,Chili Beans (canned),14-12-2025,2520.12
80,Vegetable Curry,10-06-2026,635.38
81,Multi-Layer Food Steamer,11-05-2026,3540.55
82,Dried Cranberries,08-01-2026,3346.53
83,Bamboo Utensil Holder,10-08-2026,771.58
84,Kettle BBQ Grill,27-06-2026,455.46
85,Fashionable Scarves Set,31-12-2025,3808.47
86,Electric Rice Cooker with Steamer,10-07-2026,2409.74
87,Maple Cinnamon Granola Bars,29-11-2025,1701.30
88,Cinnamon Sugar Donuts,12-03-2026,3107.49
89,Classic Black Trousers,11-11-2025,2685.90
90,Oven-Baked Cheese Crisps,29-06-2026,833.26
91,Plant-Based Cookbook,20-12-2025,2036.55
92,Magic Color-Changing Mug,19-05-2026,1823.88
93,Mixed Berry Smoothie Pack,15-09-2025,1727.86
94,Pet Water Bottle,19-01-2026,777.17
95,Infrared Thermometer,02-09-2025,4216.71
96,Spiralizer,25-01-2026,4391.03
97,Lockable Bicycle Chain,29-07-2026,538.32
98,Black Bean Spaghetti,27-02-2026,4239.63
99,Handmade Wooden Utensil Set,19-02-2026,1108.99
100,Vegetable Stock,03-01-2026,4162.94
101,Electric Egg Cooker,07-07-2026,1424.21
102,Solar Garden Lights,27-11-2025,256.27
103,Energy Protein Bars,12-01-2026,3811.25
104,Gingerbread House Kit,06-02-2026,1948.43
105,Pumpkin Spice Granola,05-06-2026,4171.51
106,Vanilla Pudding Mix,29-08-2025,471.71
107,Spiralizer,21-02-2026,1758.22
108,Bamboo Cutting Board Set,17-07-2026,134.44
109,Maple Cinnamon Almonds,02-03-2026,2512.21
110,Cinnamon Raisin Bread,21-11-2025,3941.57
111,Coconut Cream Pie,20-02-2026,1037.58
112,Stuffed Grape Leaves,31-05-2026,4490.94
113,Beef Taco Skillet,07-04-2026,1148.82
114,Cranberry Orange Oatmeal,02-07-2026,4253.66
115,Honey Roasted Almonds,14-12-2025,1119.26
116,Fashionable Fanny Pack,24-07-2026,597.50
117,Cilantro Lime Rice,27-07-2026,2086.29
118,Portable Ice Maker,25-05-2026,2973.82
119,Toilet Paper (12 rolls),10-07-2026,3405.24
120,Wall Planner,22-01-2026,1993.57
121,Pet Hair Remover,01-11-2025,609.70
122,Chili Powder,25-12-2025,3253.03
123,Hummus Variety Pack,24-04-2026,3706.62
124,Handheld Garment Steamer,25-02-2026,689.95
125,Nut Butter Cups,01-03-2026,2739.03
126,Insulated Sport Tumbler,03-08-2026,1519.37
127,Kale & Quinoa Salad Mix,13-08-2025,4636.01
128,Whole Grain Cereal,18-11-2025,455.21
129,Sliced Cucumbers,15-08-2025,48.76
130,Streaming Device,24-07-2026,3888.63
131,Natural Soy Candles,04-12-2025,2341.96
132,Cranberry Orange Juice,22-10-2025,2088.68
133,Organic Italian Seasoning,09-07-2026,3246.70
134,Tandoori Chicken Marinade,14-04-2026,503.86
135,Puzzle 3D Model Kit,16-10-2025,3578.94
136,Desk Lamp with USB Port,19-05-2026,3746.76
137,Frozen Berry Blend,27-05-2026,1158.27
138,Portable Grill Cover,10-06-2026,368.13
139,Faux Leather Leggings,11-04-2026,3765.11
140,Almond Flour Tortillas,30-12-2025,2208.09
141,Coconut Macaroons,26-02-2026,4238.40
142,Honey,08-04-2026,650.81
143,White Rice,26-01-2026,2984.57
144,Dog Car Seat Cover,12-06-2026,4150.00
145,Dark Chocolate Almond Butter Cups,20-10-2025,1252.86
146,Non-Stick Baking Sheets,12-11-2025,1081.59
147,Multi-Cooker,17-10-2025,1024.58
148,Canned Sardines,09-08-2026,1501.78
149,Vegetable Curry,14-11-2025,498.14
150,Smoky BBQ Jackfruit,22-02-2026,795.64
151,Outdoor Portable Fire Pit,02-07-2026,1261.47
152,Garden Hose,27-10-2025,3495.17
153,Stuffed Grape Leaves,05-03-2026,777.53
154,Fitness Tracker Watch,18-01-2026,1466.43
155,Vegan Chickpea Salad,05-12-2025,2058.22
156,Ramen Noodle Soup Cups,20-06-2026,263.14
157,Wi-Fi Enabled Smart Light Switch,07-10-2025,1101.09
158,Travel Pillow with Memory Foam,21-01-2026,458.73
159,Spicy Tuna Rolls,16-01-2026,4988.77
160,Bamboo Utensil Set,20-06-2026,4131.89
161,Indoor Plants,08-03-2026,2703.19
162,Reversible Swimming Pool Lounger,12-06-2026,1537.02
163,Wire Shelving Unit,18-10-2025,3689.46
164,Peach Slices (canned),21-07-2026,2996.32
165,Beet Salad,30-09-2025,178.76
166,Dark Chocolate Almond Butter Cups,30-04-2026,3332.89
167,Roasted Garlic,11-06-2026,872.78
168,Magnetic Screen Door,04-11-2025,3889.70
169,Sriracha Honey Glaze,24-07-2026,3118.87
170,Fishing Tackle Box,01-10-2025,869.73
171,Portable Air Purifier,23-01-2026,4711.39
172,Foldable Picnic Table,26-06-2026,1533.74
173,Cranberry Pecan Granola,31-03-2026,3361.58
174,Biodegradable Trash Bags,30-12-2025,3629.86
175,Salsa,29-04-2026,385.04
176,LED Table Lamp,18-03-2026,1687.52
177,Cranberry Almond Granola,12-06-2026,3012.46
178,Granola Clusters,21-06-2026,4418.77
179,Potting Soil,27-01-2026,4987.43
180,Puffed Rice Cake,26-12-2025,3521.32
181,Apple Sauce,04-12-2025,1249.08
182,Personalized Pet ID Tags,23-10-2025,2880.68
183,Leather Crossbody Bag,15-12-2025,3244.86
184,Oven Mitts with Pocket,13-08-2025,4633.86
185,Shower Curtain Hooks,18-05-2026,1722.81
186,Bamboo Memory Foam Pillow,15-04-2026,1997.88
187,Organic Coconut Yogurt,05-02-2026,1963.52
188,Watercolor Brush Pens,04-07-2026,33.43
189,Asian Stir-Fry Vegetables,29-05-2026,4556.71
190,Vanilla Bean Greek Yogurt,10-06-2026,3326.66
191,Screen Cleaning Kit,16-05-2026,2609.36
192,Organic Green Tea,07-11-2025,2474.86
193,Sesame Noodles,20-08-2025,318.09
194,Cauliflower Gnocchi,29-12-2025,1212.84
195,LED Camping Lantern with USB Charging,07-04-2026,629.11
196,Leather Crossbody Bag,10-11-2025,1896.53
197,Organic Apples,09-03-2026,4792.75
198,Diced Tomatoes (canned),14-05-2026,3546.72
199,Insulated Cooler,28-07-2026,3806.48
200,Fitness Jump Rope with LCD Counter,31-10-2025,3531.66
201,Peanut Butter Banana Smoothie Mix,09-02-2026,2686.24
202,Organic Almonds,13-03-2026,66.44
203,USB-C Hub,24-09-2025,4557.66
204,Electrolyte Water Bottle,24-02-2026,3526.62
205,Garden Hoses with Expandable Features,27-06-2026,2536.82
206,Insulated Lunch Box,16-08-2025,3944.91
207,Karaoke Microphone,09-09-2025,3186.40
208,Magnetic Screen Door,11-07-2026,3376.17
209,Buttermilk Pancakes,09-07-2026,2765.31
210,Leather Notebook Cover,25-04-2026,1947.17
211,Smart Light Bulbs,30-12-2025,897.04
212,Cacao Powder,12-02-2026,1653.31
213,Stainless Steel BBQ Grill Set,12-10-2025,4452.05
214,Skincare Fridge,18-02-2026,3334.18
215,Biodegradable Dog Waste Bags,25-01-2026,2426.34
216,Strawberry Rhubarb Jam,04-09-2025,393.91
217,Spicy Hummus,13-02-2026,749.69
218,Vegan Caesar Dressing,03-01-2026,493.14
219,Mayonnaise,14-03-2026,3387.48
220,Apple Cinnamon Breakfast Muffins,15-07-2026,94.93
221,Ripped Boyfriend Jeans,02-02-2026,2857.00
222,Plant Pot Drip Trays,01-03-2026,3151.10
223,Honeycrisp Apple Chips,14-05-2026,2955.01
224,Brown Sugar,05-05-2026,2687.47
225,Orange Ginger Vinaigrette,07-09-2025,1250.82
226,Feta Cheese Crumbles,10-01-2026,547.53
227,Crispy Tofu Bites,29-11-2025,1455.91
228,Electrolyte Water Bottle,08-04-2026,4000.07
229,Almond Flour Pizza Crust,31-12-2025,4456.29
230,Stainless Steel Grater,08-06-2026,1430.88
231,Ceramic Planter Set,21-01-2026,3439.35
232,Gaming Headset,11-11-2025,2442.34
233,Cabbage,06-08-2026,557.09
234,Mediterranean Couscous Salad,16-11-2025,2662.56
235,Spinach and Feta Stuffed Chicken Breast,08-04-2026,2371.43
236,Dog Training Whistle,27-04-2026,3255.14
237,Bluetooth Sleep Headphones,26-10-2025,897.23
238,Pet Bed with Removable Cover,26-07-2026,480.67
239,Vanilla Pudding Mix,24-02-2026,2160.94
240,Protein Pancake Mix,08-02-2026,1159.23
241,Stainless Steel Grater,08-06-2026,735.85
242,Frozen Berry Blend,05-12-2025,2914.13
243,Magnet Travel Fridge Magnets,27-10-2025,3940.03
244,LED Flashlight with Rechargeable Batteries,01-03-2026,4537.18
245,Miso Dressing,16-03-2026,4583.69
246,Fruit and Nut Bars,06-10-2025,3828.09
247,Chocolate Hazelnut Granola,11-07-2026,2065.45
248,Guitar Tuner,30-10-2025,4547.31
249,Pasta Salad Kit,31-03-2026,4447.23
250,Rain Jacket,07-09-2025,3372.87
251,Non-Stick Grill Pan,14-10-2025,4371.69
252,Handmade Wooden Utensil Set,29-05-2026,2566.89
253,Rechargeable Laptop Battery Pack,28-01-2026,2525.56
254,Beet Salad,26-10-2025,870.06
255,Chocolate Raspberry Tart,19-08-2025,3198.39
256,Elegant Maxi Skirt,22-11-2025,2265.97
257,Pet Bed,10-11-2025,1620.70
258,Patterned Knit Scarf,18-02-2026,3254.81
259,Vintage Button-Down Shirt,28-09-2025,4431.14
260,Self-Watering Planter,26-09-2025,2165.55
261,Adjustable Kitchen Broom Stand,22-04-2026,2163.13
262,Spicy Italian Sausage,04-09-2025,1021.06
263,Sesame Ginger Dressing,30-09-2025,2590.04
264,Dark Chocolate Almond Butter Cups,05-07-2026,340.55
265,Picnic Blanket,04-09-2025,3997.87
266,Mediterranean Chickpea Salad,05-09-2025,4737.64
267,Travel Orthopedic Pillow,01-07-2026,425.55
268,Yoga Mat,16-01-2026,4666.06
269,Artisan Bread,19-08-2025,4671.36
270,Coconut Rice,15-10-2025,951.97
271,Creamy Coleslaw Mix,20-02-2026,2853.79
272,Snack Container Set,15-03-2026,4621.05
273,Organic Green Tea,05-09-2025,3078.81
274,Coconut Oil Spray,16-07-2026,4294.27
275,Cranberry Lime Sparkling Water,05-02-2026,2960.33
276,Lemonade Mix,09-05-2026,3051.17
277,Lentil Pasta,29-12-2025,2660.82
278,Portable Massage Gun,20-08-2025,2152.06
279,Decorative Throw Pillows,07-01-2026,1828.28
280,Energy Bites,29-08-2025,4767.75
281,Chili Powder,02-04-2026,2196.12
282,Pet Food Storage Container,29-06-2026,619.40
283,Lemon Dill Salmon,22-07-2026,1115.95
284,Caramel Apple Taffy,27-06-2026,4246.05
285,Portable Bluetooth Headphones,13-06-2026,2061.45
286,Artisan Pickles,24-04-2026,3897.68
287,Tuscan Bean Soup,19-04-2026,1399.00
288,Teriyaki Sauce,29-07-2026,970.54
289,Coconut Chia Seed Pudding,06-12-2025,3727.97
290,Savory Mushroom Risotto,27-05-2026,2336.88
291,Phone Screen Protector,01-10-2025,368.36
292,Cucumber Lime Sparkling Water,24-01-2026,2734.38
293,Multi-Layer Food Steamer,19-08-2025,2882.64
294,Ripped Boyfriend Jeans,12-11-2025,2315.61
295,Potato Wedge Seasoning,26-11-2025,4361.16
296,Fall-Themed Table Runner,05-05-2026,2310.73
297,Thyme,12-03-2026,3541.25
298,Two-Tone Windbreaker,18-11-2025,1746.57
299,BBQ Lentil Chips,22-11-2025,3651.86
300,Cold Brew Coffee Maker,14-11-2025,370.75
301,Beef Tacos,09-03-2026,4733.54
302,Portable Phone Mug Holder,13-10-2025,4012.59
303,Classic Bagels,20-10-2025,578.24
304,Vegan Tacos,24-12-2025,2916.52
305,Black Bean & Corn Salad,08-10-2025,4168.21
306,Cranberry Orange Juice,29-04-2026,4639.23
307,Mushroom Soup (canned),23-07-2026,3405.92
308,Personalized Pet ID Tags,29-07-2026,4836.08
309,Self-Cleaning Water Bottle,27-02-2026,1302.75
310,Multi-Port USB Hub,06-06-2026,994.24
311,Reusable Snack Bags,14-10-2025,1517.21
312,Classic Pumps,30-04-2026,4801.78
313,Chipotle Black Bean Salad,28-11-2025,4334.50
314,Coconut Cream,06-01-2026,1689.78
315,Chunky Knit Sweater,01-11-2025,2161.50
316,Maple Syrup,11-03-2026,3920.70
317,Wooden Toy Train Set,23-04-2026,4535.11
318,Pepper Jack Cheese Slices,19-04-2026,2937.32
319,Roasted Chickpeas,31-03-2026,1180.40
320,Chilli Lime Corn on the Cob,22-09-2025,4557.89
321,USB Desk Fan,12-12-2025,2969.51
322,Beet Salad,14-05-2026,4478.39
323,Chipotle Lime Salsa,03-12-2025,3677.51
324,Sweet Chili Thai Sauce,20-11-2025,4690.82
325,Slingback Sandals,03-07-2026,742.91
326,Cheddar Cheese Crackers,23-08-2025,3134.06
327,Magnet Travel Fridge Magnets,26-12-2025,3225.34
328,Herbed Chicken Breast,29-07-2026,2375.91
329,Mini Air Hockey Table,07-01-2026,4090.48
330,Coconut Bowls Set,01-07-2026,3980.41
331,Silicone Baking Molds,05-03-2026,1295.50
332,Kids' Trampoline,28-02-2026,3122.12
333,Smart Fitness Scale,30-03-2026,677.33
334,Organic Coconut Water,27-11-2025,937.63
335,Buffalo Cauliflower Bites,15-10-2025,2783.43
336,Sweet Corn,23-12-2025,521.79
337,Juice Extractor,07-10-2025,3659.73
338,Granola Bars,09-06-2026,317.81
339,Organic Whole Grain Oats,03-06-2026,5.97
340,Chipotle Seasoning Blend,27-02-2026,3055.37
341,Home Cleaning Robot,23-09-2025,925.50
342,Wall Calendar,18-06-2026,224.55
343,Waffle Maker,27-07-2026,3617.43
344,Miso Dressing,08-06-2026,3986.44
345,Chipotle Lime Salsa,18-06-2026,2614.29
346,Italian Pasta,29-10-2025,4506.39
347,Electric Kettle,10-06-2026,4678.97
348,Honey Roasted Chickpeas,08-11-2025,804.73
349,Magnetic Spice Containers,18-05-2026,3881.42
350,Outdoor Inflatable Pool,04-04-2026,2245.31
351,Pleated Midi Dress,09-06-2026,3301.76
352,Kettle Corn Popcorn,05-07-2026,1065.27
353,Savory Breakfast Sausage,06-07-2026,508.77
354,Pepper Jack Cheese Sticks,03-06-2026,4684.34
355,Folding Backpack Chair,17-09-2025,4720.89
356,Chia Seed Pudding Mix,27-02-2026,1265.06
357,Ice Cream Scoop,02-03-2026,752.62
358,Indoor Grill,15-05-2026,2568.53
359,Tailored Dress Pants,14-08-2025,3985.74
360,Reversible Comforter Set,30-04-2026,3365.29
361,Electric Can Opener,05-03-2026,4318.12
362,Ready-to-Eat Chili,16-03-2026,2012.61
363,High-Speed Hand Blender,06-03-2026,231.19
364,Caramelized Onion Dip Mix,18-11-2025,4281.76
365,Pumpkin Spice Pancake Mix,25-06-2026,1701.41
366,Durable Hiking Boots,21-03-2026,1978.80
367,Honeycrisp Apple Chips,08-06-2026,21.73
368,Ceramic Non-Stick Frying Pan,17-06-2026,1903.77
369,Mediterranean Chickpea Salad,28-02-2026,3150.60
370,Lemon Herb Chicken,21-06-2026,258.50
371,Vegan Alfredo Sauce,30-05-2026,756.55
372,Travel Mug with Leak-Proof Lid,05-11-2025,181.45
373,Cable Knit Cardigan,29-01-2026,2132.55
374,Board Game Storage,04-10-2025,225.31
375,Maple Chipotle Glaze,22-04-2026,1970.97
376,Margherita Pizza,04-07-2026,3672.23
377,Ergonomic Mouse Pad with Wrist Support,02-03-2026,1896.43
378,Digital Drawing Tablet,27-11-2025,1980.56
379,Organic Ramen Noodles,24-02-2026,583.62
380,Smart Thermostat with Wi-Fi,01-04-2026,1301.11
381,Roasted Garlic,29-07-2026,627.30
382,Pumpkin Pancake Mix,12-07-2026,4371.79
383,Mini Projector,27-05-2026,2566.87
384,Coconut Chia Pudding,10-05-2026,1196.16
385,Self-Watering Planters,16-04-2026,500.75
386,Smartphone Holder for Car,12-06-2026,2470.36
387,Backpacking Tent,12-10-2025,2876.48
388,Beef Stroganoff Meal Kit,10-03-2026,2281.79
389,Spicy Kimchi,24-12-2025,4971.82
390,Chicken Parmesan Dinner Kit,28-08-2025,739.98
391,Glass Water Bottle,11-10-2025,2221.07
392,Sesame Ginger Dressing,03-06-2026,2938.76
393,Portable Pet Stroller,21-12-2025,1981.74
394,Lemon Zest Olive Oil,11-02-2026,463.65
395,Collapsible Folding Chair,13-03-2026,4670.45
396,Banana Nut Oatmeal Cups,07-07-2026,1028.45
397,Biodegradable Phone Case,08-12-2025,3761.17
398,Cauliflower Rice Stir-Fry,04-12-2025,515.49
399,Spicy Italian Sausage,22-11-2025,432.25
400,Personal Blender with Travel Lid,17-09-2025,4580.17
401,Thai Coconut Curry Sauce,16-11-2025,520.93
402,Ginger Snaps,23-06-2026,971.91
403,Adjustable Dog Harness,18-01-2026,492.82
404,Safety First Aid Kit,12-01-2026,1339.86
405,Wireless Smart Plug,02-08-2026,3817.17
406,Nutty Granola Clusters,12-05-2026,1268.85
407,Window Bird Feeder,12-04-2026,1795.16
408,Blueberry Chia Jam,26-06-2026,419.18
409,Electric Heat Press Machine,10-03-2026,4799.01
410,Chocolate Chip Cliff Bars,11-11-2025,1541.97
411,Two-Tone Windbreaker,28-10-2025,816.10
412,Spinach and Feta Stuffed Chicken Breast,29-11-2025,4707.43
413,Smartphone Gimbal,12-05-2026,2282.64
414,Outdoor Portable Fire Pit,07-04-2026,1516.27
415,Puffer Winter Coat,22-03-2026,2391.71
416,Wireless Induction Charger,10-04-2026,4708.63
417,A-Line Skirt,23-05-2026,3510.61
418,Fleece Throw Blanket,10-08-2026,3421.21
419,Fruit and Nut Bars,14-08-2025,1229.98
420,Sporty Cap,01-08-2026,3407.60
421,Sliced Avocado,25-01-2026,3731.24
422,Fitness Smartwatch,23-12-2025,2621.68
423,Peas (frozen),27-12-2025,489.55
424,Eco-Friendly Yoga Blocks,19-11-2025,4247.45
425,Classic Pesto Sauce,16-09-2025,3822.13
426,Wall Calendar,14-03-2026,3015.46
427,Inflatable Pool Float,26-09-2025,3753.08
428,Carrot Ginger Soup,18-04-2026,259.06
429,Lemon Dill Salmon,09-08-2026,1806.21
430,Baked Falafel Balls,21-10-2025,3732.25
431,Pet First Aid Kit,17-01-2026,1642.06
432,Organic Brown Rice Cakes,18-12-2025,2493.71
433,Electric Rice Cooker,02-10-2025,1158.39
434,Portable Speakers,02-02-2026,652.78
435,Flavored Instant Oatmeal,29-10-2025,2927.23
436,Baked Falafel,11-07-2026,3551.12
437,Compact Pop-Up Tent,25-08-2025,3888.65
438,Electric Food Steamer,06-10-2025,3170.22
439,Zesty Garlic Hummus,21-05-2026,1674.03
440,Pomegranate Juice,15-02-2026,2780.48
441,Nut Butter Cups,23-02-2026,4145.41
442,Knitted Infinity Scarf,19-09-2025,3950.97
443,Adjustable Yoga Mat Strap,22-05-2026,1939.50
444,Vegetable Chips,17-02-2026,585.85
445,Electric Pressure Cooker,29-06-2026,3206.73
446,Cotton Basic Tank,29-06-2026,4141.88
447,Chocolate Chip Pancake Mix,26-05-2026,3336.86
448,Peach Preserves,24-03-2026,4709.62
449,Spicy Thai Noodles,21-11-2025,3994.79
450,Energy Protein Bars,19-12-2025,2607.43
451,Pet Nail Clipper,30-04-2026,2933.02
452,Rice Pilaf Mix,28-06-2026,4306.89
453,Dual Function Electric Skillet,01-09-2025,2822.59
454,Classic Baseball Cap,10-12-2025,2567.45
455,Tea Infuser,07-01-2026,3349.23
456,Caramel Apple Taffy,02-10-2025,2601.07
457,Wild Rice Pilaf,08-01-2026,2240.83
458,Gluten-Free Pancake Mix,23-11-2025,20.38
459,Freestanding Wine Rack,03-03-2026,2690.80
460,Microwave Popcorn Maker,21-06-2026,3244.70
461,Organic Whole Grain Oats,09-06-2026,2902.55
462,Camping Lantern,12-09-2025,4339.25
463,Sliced Cheese,15-03-2026,1735.36
464,Spicy BBQ Sauce,29-06-2026,1471.66
465,Fashionable Fanny Pack,10-12-2025,1435.57
466,Wireless Gaming Mouse,28-06-2026,1889.86
467,Memory Card,26-10-2025,2861.58
468,Underwater Camera,01-03-2026,1251.00
469,Faux Leather Leggings,30-10-2025,2000.65
470,Coffee Maker,09-01-2026,4448.17
471,Cable Knit Beanie,20-07-2026,184.91
472,Multi-Layer Food Steamer,08-06-2026,1048.54
473,Organic Sweet Potatoes,26-02-2026,358.69
474,Pet Carrier Backpack,01-06-2026,729.68
475,Dill Pickle Chips,20-04-2026,2446.64
476,Scented Soy Candles,04-10-2025,4034.95
477,Hummus Trio Pack,20-09-2025,2944.30
478,Bike Repair Tool Kit,19-01-2026,360.47
479,Golf Polo Shirt,21-05-2026,2972.73
480,Savory Trail Mix,28-02-2026,1740.23
481,LED Makeup Mirror,27-12-2025,3494.55
482,Ceramic Cookware Set,06-05-2026,3580.52
483,Kids Tablet,18-01-2026,2815.73
484,Whipped Cream Cheese,02-06-2026,236.07
485,Vintage Graphic Tee,21-08-2025,1022.93
486,Fresh Basil Pesto,14-03-2026,1514.53
487,Sunglasses Case,03-04-2026,4171.33
488,Surimi Crab Sticks,05-09-2025,643.02
489,Pet Travel Bed,06-10-2025,1679.69
490,Self-Massaging Pillow,23-05-2026,3192.20
491,Garlic and Herb Rub,15-07-2026,4155.79
492,Chocolate Mint Protein Shake,07-02-2026,3256.22
493,Kid's Fruit Snacks,08-01-2026,3647.96
494,Kids' Art Supplies Kit,15-12-2025,1505.87
495,Vegetable Fried Rice,27-10-2025,2334.98
496,Savory Rice Cakes,06-11-2025,454.18
497,Apple Juice,10-12-2025,3659.99
498,Cauliflower Crust Pizza,05-04-2026,4880.59
499,Maple Breakfast Sausage,27-02-2026,3128.69
500,Slingback Sandals,14-01-2026,653.36
501,Wall Art Stickers,16-05-2026,4995.41
502,Trendy Bomber Jacket,31-05-2026,1404.69
503,Faux Fur Coat,11-12-2025,222.77
504,Bluetooth Car Adapter,19-04-2026,442.07
505,Beet Salad,06-11-2025,381.86
506,Gluten-Free Pancake Mix,01-06-2026,133.60
507,Wild Rice Pilaf,09-03-2026,1939.61
508,Teriyaki Chicken Wings,31-07-2026,4966.46
509,Spicy Tuna Salad,04-10-2025,3280.54
510,Smartphone Projector Kit,10-05-2026,2051.12
511,Pita Bread,31-10-2025,4975.69
512,Honey Almond Granola Bars,21-02-2026,4608.06
513,Adjustable Pedicure Footrest,13-12-2025,4476.01
514,Smart Water Bottle,14-11-2025,4886.25
515,Coconut Cream,12-06-2026,4132.00
516,Classic Beef Chili,30-06-2026,2009.33
517,Granola Cereal,02-05-2026,3970.03
518,Almond Butter Granola Bars,01-08-2026,4128.60
519,Dill Pickle Chips,13-06-2026,1744.96
520,Smart WiFi Plug,14-03-2026,4995.42
521,Stuffed Bell Peppers,17-07-2026,59.03
522,Pasta (Fusilli),08-07-2026,763.47
523,Dog Collar,10-12-2025,4449.94
524,Veggie Burger Patties,07-08-2026,3822.30
525,Berries Medley,01-04-2026,1938.73
526,Almond Flour Pizza Crust,25-03-2026,4328.95
527,LED Camping Lantern with USB Charging,14-05-2026,246.76
528,Trail Mix (Deluxe),20-07-2026,3048.86
529,Infrared Space Heater,23-05-2026,831.42
530,Wireless Earbuds,17-03-2026,3799.87
531,Canned Sardines,10-01-2026,2446.62
532,Magnetic Puzzle Board,13-10-2025,2822.49
533,Pet Caress Brush,30-09-2025,1086.65
534,Spiralizer,05-12-2025,492.88
535,Teriyaki Beef Jerky,13-01-2026,3892.44
536,Collapsible Storage Crates,01-01-2026,4528.93
537,Avocado Oil,10-02-2026,2095.39
538,Chocolate Avocado Pudding,08-11-2025,2741.64
539,Pet Tracking Collar,03-08-2026,2278.66
540,Noise Cancelling Ear Muffs,16-09-2025,2107.81
541,Knitted Infinity Scarf,10-09-2025,4881.67
542,Paprika,07-02-2026,3310.68
543,Pet Hair Removal Roller,02-07-2026,2935.47
544,Tattoo Kit,09-07-2026,320.95
545,Coconut Chia Pudding,24-06-2026,1987.07
546,Spinach and Cheese Stuffed Shells,21-04-2026,2817.61
547,Vegetable Lentil Soup,10-06-2026,620.13
548,Balsamic Fig Dressing,21-05-2026,562.79
549,Chocolate Fudge Ice Cream,30-05-2026,4327.22
550,Fitness Balance Ball,04-12-2025,3978.94
551,Pressure Washer Accessories Kit,16-07-2026,2312.18
552,Bamboo Memory Foam Pillow,29-12-2025,189.49
553,Chocolate Almond Milk,21-04-2026,733.13
554,Radish Chips,24-11-2025,2165.85
555,Luxury Bath Salts,13-08-2025,1943.01
556,Self-Watering Planters,24-09-2025,4402.54
557,Maple Chipotle Glaze,21-07-2026,4731.91
558,Digital Meat Thermometer,05-05-2026,1665.69
559,Ground Cinnamon,16-06-2026,1279.65
560,Organic Brown Rice Cakes,09-12-2025,1996.78
561,Pesto Pasta Salad,26-05-2026,21.13
562,Classic Leather Wallet,23-08-2025,4794.99
563,Honey Sesame Chicken Mix,18-01-2026,2724.57
564,Ankle Boots,03-01-2026,4540.96
565,Outdoor Inflatable Pool,21-02-2026,1964.57
566,Travel Shoe Bags Set,27-12-2025,4940.77
567,Cabbage Slaw Mix,29-09-2025,835.07
568,Educational STEM Kit,15-08-2025,249.90
569,Caramelized Onion Dip Mix,27-09-2025,4443.71
570,Hummus Variety Pack,22-08-2025,308.71
571,Pork Chops,11-12-2025,2164.64
572,Two-Tier Fruit Basket,16-09-2025,3391.47
573,Classic Black Dress,04-07-2026,4102.91
574,Weighted Blanket for Adults,15-06-2026,550.22
575,Portable Pet Pooper Scooper,28-02-2026,1737.33
576,Banana Chips,22-02-2026,4633.97
577,Smoky BBQ Jackfruit,27-12-2025,96.20
578,Chili Lime Seasoning,16-11-2025,2323.65
579,Coconut Almond Granola,23-04-2026,3545.34
580,Incense Holder,11-08-2026,3234.87
581,Mini Hand Gesture Drone,20-03-2026,2485.31
582,Vegetable Broth,11-05-2026,894.85
583,Kitchen Knife Sharpening System,10-12-2025,4315.80
584,Outdoor Adventure Kit,06-08-2026,211.77
585,Pet Travel Bowl,06-09-2025,4022.68
586,Motorcycle Phone Mount,18-12-2025,393.99
587,Fruit & Nut Trail Mix,11-08-2026,3077.50
588,Portable Solar Camp Shower,28-06-2026,1487.76
589,Garlic Herb Grilled Chicken,01-07-2026,4071.78
590,Aged White Cheddar Popcorn,28-08-2025,1348.89
591,Sliced Cheese,24-02-2026,142.89
592,Roasted Sweet Corn,16-08-2025,922.64
593,Compact Folding Table,01-11-2025,4174.57
594,Cat Tree,25-08-2025,4147.65
595,Tandoori Chicken Skewers,24-07-2026,640.76
596,Vegan Mayonnaise,12-07-2026,4682.61
597,Instant Mashed Potatoes,20-03-2026,3775.10
598,Maple Cinnamon Granola,22-05-2026,3835.34
599,Fitness Balance Ball,22-06-2026,1527.08
600,Baby Safety Corner Guards,21-01-2026,2679.14
601,Pasta (Linguine),30-04-2026,3860.47
602,Curried Lentil Salad,04-11-2025,4915.70
603,Ice Pack,24-06-2026,3169.70
604,Travel Document Organizer,26-01-2026,2470.25
605,Heavy Duty Gardening Tool Set,22-10-2025,956.25
606,Black Bean Salsa,06-05-2026,4081.24
607,Frozen Burritos,09-06-2026,4292.57
608,Spicy Thai Coconut Soup,25-05-2026,1305.70
609,Kitchen Knife Sharpening System,17-01-2026,3978.85
610,Pineapple Teriyaki Chicken Mix,25-01-2026,2089.93
611,Pepperoni Pizza Rolls,30-04-2026,3572.06
612,Heat-Resistant Silicone Mat,29-01-2026,2977.11
613,Basil-infused Olive Oil,20-10-2025,1015.49
614,Dried Apricots,09-02-2026,4763.89
615,Organic Tomato Ketchup,14-11-2025,3228.38
616,Chocolate Chip Cliff Bars,27-04-2026,2965.41
617,Travel Size Toiletry Bottles,17-07-2026,2901.98
618,Eco-Friendly Beeswax Wraps,20-03-2026,497.81
619,Home Brewing Starter Kit,25-08-2025,4827.12
620,Maple Oatmeal,05-03-2026,3801.21
621,Air Fryer Oven,08-06-2026,4579.59
622,Cranberry Orange Juice,01-06-2026,3103.42
623,Cooking Utensil Set,23-05-2026,3848.45
624,Eco-Friendly Cleaning Cloths,25-03-2026,1238.60
625,Mini Cordless Vacuum Cleaner,20-01-2026,1641.23
626,BBQ Jackfruit,19-03-2026,879.60
627,Rice Pudding,15-02-2026,2757.52
628,Personalized Cutting Board,06-04-2026,3967.96
629,Kale Chips,19-09-2025,1381.77
630,Emergency Preparedness Kit,19-07-2026,4460.42
631,Trainers with Mesh Inserts,18-11-2025,4221.11
632,Honey BBQ Ribs,15-11-2025,1077.35
633,Creamy Garlic Dressing,20-06-2026,2219.64
634,Adjustable Laptop Desk,07-12-2025,2425.43
635,Bamboo Cotton Tank Top,30-04-2026,4986.06
636,Oven Mitts,13-01-2026,4399.47
637,Electric Bike,07-01-2026,2074.74
638,Cucumber Relish,24-12-2025,2866.48
639,Multi-Layer Food Steamer,10-10-2025,1353.79
640,Popcorn Chicken,01-12-2025,1360.25
641,Garlic Herb Marinade,15-12-2025,4929.66
642,Mini Projector for Smartphones,06-07-2026,156.39
643,Fishing Tackle Box,23-10-2025,3685.32
644,Free-Range Eggs,20-07-2026,3000.68
645,Vegan Caesar Dressing,18-11-2025,3144.53
646,Gaming Headset,11-07-2026,4018.42
647,Halloween Decoration Set,23-05-2026,3206.92
648,Honey Wheat Pretzels,02-04-2026,2435.45
649,Electric Rice Cooker,04-06-2026,2191.39
650,Wireless Gaming Headset,28-03-2026,1082.84
651,Almond Crunch Granola Bars,13-10-2025,4010.36
652,Sliced Avocado,06-01-2026,1794.13
653,Coconut Oil Spray,31-03-2026,799.69
654,Cucumber,04-04-2026,4207.20
655,Watercolor Brush Pens,05-09-2025,2383.79
656,Chia Seed Pudding Mix,06-06-2026,53.48
657,Robot Vacuum Cleaner,24-06-2026,914.51
658,Dish Soap Dispenser,12-01-2026,3169.24
659,High-Low Hem Tee,02-02-2026,2545.01
660,Pepperoni Pizza Rolls,25-01-2026,4298.27
661,Puzzle Mat,06-05-2026,366.22
662,Organic Black Bean Burger,26-11-2025,794.05
663,Chocolate Coconut Granola,18-10-2025,3189.97
664,Beef Sirloin Steak,07-12-2025,2419.56
665,Silicone Baking Cups,02-09-2025,2805.46
666,Organic Italian Seasoning,20-05-2026,2119.75
667,Travel Yoga Mat,29-01-2026,1005.68
668,Pineapple Salsa,17-04-2026,3791.12
669,Ultraviolet Phone Sanitizer,24-10-2025,1195.77
670,Children's Backpack,08-01-2026,879.44
671,Fruit Medley Juice,22-01-2026,4427.25
672,Wireless Gaming Headset,05-07-2026,4938.31
673,Air Mattress,04-09-2025,3433.93
674,Pet Grooming Gloves,12-02-2026,1009.21
675,Cranberry Orange Juice,30-10-2025,4037.86
676,Lentil Vegetable Curry,15-07-2026,4312.81
677,Car Emergency Kit,02-04-2026,3032.21
678,Bluetooth Tracker,02-02-2026,4646.52
679,Multi-Cooker,10-02-2026,4771.17
680,Chili Beans in Sauce,09-06-2026,4533.73
681,Over-the-Door Hooks,09-09-2025,1958.42
682,Ginger Tea,02-01-2026,1173.25
683,Creamy Garlic Dressing,22-03-2026,3639.59
684,Hiking Boots,13-11-2025,3404.23
685,Herbed Mushroom Risotto,10-04-2026,3623.24
686,Peach Preserves,02-02-2026,741.46
687,Air Purifier,14-07-2026,239.26
688,Dog Walking Waist Pack,05-08-2026,2784.52
689,Asian Stir-Fry Vegetables,10-01-2026,3977.81
690,Ceramic Knife Set,05-12-2025,4039.32
691,Cinnamon Sugar Popcorn,09-12-2025,1927.99
692,Honey Sriracha Chicken Bites,12-02-2026,1636.88
693,Computer Monitor Stand,12-12-2025,431.96
694,Car Windshield Sun Shade,18-07-2026,1681.16
695,Spicy Roasted Nuts,11-09-2025,1952.43
696,Organic Fruit Salad,03-10-2025,4499.02
697,Electric Heating Pad,08-04-2026,4333.43
698,Surimi Crab Sticks,15-04-2026,1101.14
699,Green Tea Matcha Powder,22-11-2025,127.78
700,Coconut Bowls Set,20-12-2025,3517.10
701,Gardening Tools Set,26-05-2026,1080.23
702,Adjustable Pet Feeder,06-02-2026,3320.02
703,Premium Flashlight,30-11-2025,4705.74
704,Printed Maxi Skirt,02-08-2026,22.40
705,Travel Sewing Kit,28-05-2026,1657.22
706,Cinnamon Sugar Mix,12-08-2025,2861.41
707,Organic Whole Wheat Flour,25-01-2026,1367.50
708,Portable Dog Water Bottle,03-06-2026,1287.31
709,Elderberry Syrup,14-01-2026,3040.85
710,Italian Herb Balsamic Marinade,09-10-2025,3062.58
711,Non-Stick Grill Mat,29-09-2025,3756.02
712,Non-Stick Crepe Pan,18-08-2025,42.91
713,Lemon Sorbet,22-10-2025,3213.65
714,Pressure Washer Accessories Kit,24-03-2026,3193.97
715,Sea Salt Tortilla Chips,15-08-2025,4787.15
716,Adjustable Pet Feeder,11-01-2026,108.35
717,DIY Organic Gardening Kit,16-03-2026,2461.01
718,Hand Mixer,23-09-2025,1402.37
719,Baked Potato Chips,11-12-2025,694.65
720,Chic Ankle Strap Heels,15-09-2025,1878.97
721,Wireless Security System,03-10-2025,2544.68
722,Leather Notebook Cover,11-12-2025,2420.40
723,Maple Syrup,12-02-2026,4155.70
724,Adjustable Yoga Mat Strap,27-05-2026,33.50
725,Wireless Security Camera,21-02-2026,3309.49
726,Mesh Sports Leggings,14-10-2025,1118.58
727,Peach Fruit Cups,23-12-2025,2468.50
728,Classic Cheeseburger Mix,04-09-2025,1708.86
729,Memory Foam Pillow,24-04-2026,2218.66
730,Luxury Rolling Makeup Case,01-05-2026,473.78
731,Whole Wheat Bread,01-06-2026,3020.56
732,Chipotle Black Bean Burger,26-11-2025,1421.21
733,Non-Stick Grill Mat,17-06-2026,915.39
734,Portable Pet Bathing Tool,24-11-2025,3488.91
735,Sunflower Seeds,07-11-2025,3340.07
736,Ginger Tea,12-06-2026,2489.45
737,Multi-Functional Rice Cooker,15-04-2026,3423.73
738,Rainbow Veggie Chips,17-07-2026,3865.28
739,Rainbow Veggie Chips,19-08-2025,2095.30
740,Strawberry Fruit Spread,12-02-2026,2416.17
741,Smartphone Holder for Car,16-02-2026,308.80
742,Collapsible Camping Cup,07-04-2026,33.29
743,Baby Safety Corner Guards,24-10-2025,379.52
744,Blackberry Compote,20-09-2025,2117.37
745,Solar Power Bank,28-07-2026,4307.65
746,Garden Tool Belt,31-12-2025,439.73
747,Sliced Cucumbers,28-05-2026,2664.47
748,Electric Kettle,09-05-2026,1213.93
749,Carrot Sticks,17-05-2026,2645.37
750,Lemonade Mix,15-02-2026,4965.25
751,Apple Sauce,07-08-2026,1359.31
752,Stainless Steel Cutlery Set,17-02-2026,4028.82
753,Vegetable Curry,01-02-2026,4263.50
754,Fresh Strawberries,19-06-2026,4522.88
755,Marinated Artichokes,26-10-2025,2266.90
756,Tomatillo Salsa,02-10-2025,2563.40
757,Organic Apples,09-10-2025,1838.36
758,Greek Yogurt,05-06-2026,85.23
759,Overnight Duffle Bag,22-12-2025,2747.76
760,Yoga Blocks,09-09-2025,3974.17
761,Scent Diffuser,03-05-2026,1244.68
762,Chickpea Flour,05-12-2025,883.60
763,Travel Pillow with Memory Foam,27-02-2026,1722.47
764,Teriyaki Sauce,08-04-2026,1051.45
765,Organic Almond Flour,26-12-2025,1532.13
766,Bike Repair Tool Kit,14-03-2026,2097.09
767,Coconut Flakes,11-11-2025,1750.49
768,Honey Ginger Tea,17-05-2026,990.29
769,Pressure Washer Accessories Kit,15-04-2026,190.47
770,Digital Food Thermometer,25-03-2026,841.33
771,Italian Marinara Sauce,16-07-2026,1450.71
772,Vintage Button-Down Shirt,31-10-2025,2883.99
773,Portable Water Filter,30-05-2026,2396.57
774,Foot Massager,12-12-2025,4864.39
775,Paint By Numbers Kit,07-09-2025,1600.41
776,Creamy Avocado Dip,17-10-2025,3425.77
777,Peach Yogurt,02-09-2025,3172.77
778,Compact Electric Kettle,23-06-2026,4378.17
779,Smart Wi-Fi Camera,14-09-2025,4649.73
780,Greek Yogurt Parfait,26-03-2026,981.41
781,Chipotle Lime Salsa,06-08-2026,1378.37
782,Tailored Blazer,28-04-2026,275.07
783,Rechargeable Electric Toothbrush,19-09-2025,486.27
784,Cocktail Shaker and Mixing Glass Set,17-03-2026,4320.85
785,LED Under Cabinet Lighting,12-04-2026,4517.87
786,Samoas Cookie Mix,08-10-2025,2368.53
787,Smoked Gouda Cheese,27-07-2026,1614.60
788,Cranberry Almond Cookies,21-09-2025,1458.58
789,Smartwatch,30-12-2025,1130.06
790,Smartphone UV Sanitizer,21-09-2025,3041.60
791,Robot Vacuum Cleaner,22-03-2026,2497.58
792,Wi-Fi Enabled Smart Light Switch,11-07-2026,892.52
793,Toy Building Set,15-10-2025,3455.33
794,Thai Basil Fried Rice,27-10-2025,492.12
795,LED Christmas Tree Lights,22-12-2025,3066.45
796,Creamy Avocado Dip,01-04-2026,876.14
797,Wireless Gaming Headset,16-06-2026,320.78
798,Outdoor Camping Hammock,19-04-2026,3068.49
799,Smartphone Holder for Car,10-06-2026,2707.79
800,Chocolate Chip Cookie Dough,13-08-2025,2843.14
801,Smart WiFi Plug,07-12-2025,2242.86
802,Weighted Blanket,10-04-2026,3438.19
803,Spicy Hummus,23-02-2026,4707.54
804,Kids' Science Experiment Kit,26-08-2025,997.80
805,Electric Kettle,27-09-2025,3117.56
806,Digital Photo Frame,24-12-2025,1396.14
807,Mango Chutney,04-03-2026,2389.17
808,Mango Chia Pudding,18-09-2025,2072.24
809,Wild Rice Pilaf,16-11-2025,1543.57
810,DIY Lip Balm Making Kit,16-04-2026,2619.52
811,Chocolate Almond Milk,20-10-2025,2563.45
812,Water-Resistant Bluetooth Speaker,18-11-2025,8.64
813,Toilet Paper (12 rolls),22-10-2025,880.59
814,Magnetic Phone Case,23-03-2026,2389.71
815,Spinach Pizza Rolls,28-07-2026,56.62
816,Tofu,18-05-2026,3028.57
817,Spice Rack,27-02-2026,764.28
818,Portable Solar Phone Charger,30-08-2025,3579.39
819,Caraway Rye Bread,08-04-2026,2275.98
820,Herbed Chicken Breast,21-07-2026,4554.52
821,Wild Rice & Quinoa Mix,02-03-2026,4632.84
822,Chicken Broth,23-12-2025,494.72
823,Ethical Wool Scarf,05-11-2025,667.94
824,Microfiber Cleaning Cloths,29-05-2026,1136.48
825,Adjustable Stand for Tablets and Smartphones,29-01-2026,1856.14
826,Coconut Milk,25-06-2026,4281.48
827,Chili Beans in Sauce,20-10-2025,1394.68
828,Pineapple Rings,25-01-2026,3684.13
829,Memory Foam Pillow,02-03-2026,610.30
830,Kale and Quinoa Salad,25-05-2026,4485.76
831,Desk Organizer Set,10-03-2026,201.68
832,Pear and Gorgonzola Salad,12-09-2025,2031.33
833,Electric Pressure Washer,26-10-2025,2172.35
834,Pressure Washer Accessories Kit,19-02-2026,3790.43
835,Garlic Herb Cream Cheese,21-07-2026,2507.19
836,Children's Garden Tool Set,20-07-2026,4593.03
837,Smartphone Photography Tripod,26-09-2025,1589.40
838,Scented Candle Set,07-04-2026,104.81
839,Reusable Produce Bags Set,22-01-2026,3702.93
840,Crafting Kit,27-03-2026,3743.98
841,Wrap Jumpsuit,23-04-2026,1203.53
842,Spicy Tuna Salad,12-11-2025,1031.73
843,LED Makeup Mirror,19-10-2025,2719.21
844,Matcha Green Tea Powder,04-04-2026,2660.68
845,Low-Fat Cottage Cheese,29-06-2026,771.33
846,Classic Black Trousers,30-12-2025,2029.58
847,Sun Protection Clothing,22-07-2026,1789.46
848,Home Brewing Starter Kit,22-04-2026,2657.51
849,Sour Cream,10-09-2025,2968.27
850,Sliced Olives,27-08-2025,2460.95
851,Active Racerback Tank,30-04-2026,3422.16
852,Chocolate Fudge Brownie Mix,29-05-2026,348.42
853,Cotton Quilted Throw Blanket,09-03-2026,93.30
854,Graphic Tee,02-03-2026,734.01
855,Coconut Yogurt,27-02-2026,1668.09
856,Trendy Bomber Jacket,03-04-2026,3682.90
857,Bluetooth Sleep Headphones,28-06-2026,985.69
858,Almond Joy Snack Bars,09-03-2026,3126.65
859,Training Soccer Ball,06-06-2026,3815.45
860,Sea Salt Caramel Popcorn,11-10-2025,3597.22
861,Sports Bottle,10-07-2026,523.02
862,Adjustable Standing Desk,02-09-2025,3307.32
863,Chili Lime Shrimp,29-04-2026,4840.89
864,Coconut Curry Chicken,28-02-2026,1584.26
865,Organic Tomato Ketchup,24-01-2026,4965.46
866,Oven-Baked Cheese Crisps,22-12-2025,2317.26
867,Portable Leaf Blower,04-09-2025,1635.43
868,Quinoa and Kale Salad Kit,14-03-2026,862.97
869,Roasted Garlic Aioli,22-12-2025,1814.87
870,Multi-Cooker,21-05-2026,4240.58
871,Art Supplies Organizer,18-01-2026,1843.40
872,Coconut Lime Rice,11-12-2025,4648.24
873,Smart Wi-Fi Camera,02-08-2026,4522.07
874,Sooji (Semolina),14-08-2025,4571.59
875,Instant Read Meat Thermometer,17-05-2026,923.95
876,Oven Mitts,10-09-2025,1619.47
877,Customizable Photo Calendar,28-08-2025,4482.71
878,Puffer Winter Coat,09-09-2025,4503.94
879,Portable Water Filter,04-12-2025,2883.83
880,Granola,30-04-2026,3797.28
881,Thai Basil Fried Rice,04-03-2026,3710.81
882,Feta Cheese Crumbles,22-11-2025,513.98
883,Protein Powder,18-07-2026,2735.97
884,Silicone Baking Mat Set,15-01-2026,4356.10
885,Lentil Soup,23-06-2026,4469.85
886,Wireless Charger Stand,16-03-2026,3803.17
887,Vegan Chickpea Salad,18-10-2025,2763.21
888,Brown Sugar,26-05-2026,623.70
889,Carrot Ginger Soup,07-10-2025,3780.58
890,Gaming Mousepad,26-03-2026,1395.76
891,Wild Rice Pilaf,11-01-2026,4956.70
892,Spicy Thai Coconut Soup,03-07-2026,1212.70
893,Vegetable Chips,28-07-2026,2417.07
894,Maple Pecan Oatmeal Cookies,14-03-2026,2021.28
895,Garden Vegetable Chips,07-03-2026,2810.93
896,Wireless Charger Stand,24-08-2025,1398.87
897,Bike Helmet,07-08-2026,2589.19
898,Ergonomic Mouse Pad with Wrist Support,09-07-2026,1651.72
899,Vegetable Fried Rice Mix,18-09-2025,284.17
900,Tomato Sauce,31-05-2026,2027.89
901,Body Wash,05-10-2025,1272.78
902,Eggs (dozen),14-07-2026,985.23
903,Cheese Stuffed Jalapenos,09-04-2026,3662.73
904,Handheld Shower Head,01-10-2025,772.92
905,Coconut Yogurt,29-04-2026,4967.20
906,Chocolate Covered Pretzels,28-06-2026,4487.00
907,Chili Con Carne Mix,15-11-2025,2093.47
908,Craft Beer Mustard,14-04-2026,3300.81
909,Coconut Water,30-04-2026,390.16
910,Cinnamon Rolls,18-05-2026,2898.32
911,Mini Indoor Hydroponic Garden,12-12-2025,362.19
912,Savory Italian Herbs,03-10-2025,4289.99
913,Compact Portable Grill,16-03-2026,350.64
914,Chickpea Salad Deluxe,01-02-2026,484.37
915,Smart Plug,05-12-2025,375.00
916,Almond Joy Munch Bars,24-12-2025,642.50
917,Electric Can Opener,06-06-2026,4174.53
918,Organic Black Rice,09-01-2026,2963.83
919,Herbal Garden Starter Kit,26-07-2026,2876.72
920,Lemon Lime Sparkling Water,12-11-2025,3346.32
921,Dog Training Whistle,25-08-2025,2641.93
922,Kids' Trampoline,04-08-2026,3103.02
923,Casual Long Cardigan,30-10-2025,2838.58
924,Chickpea Pancakes,09-04-2026,2159.80
925,Lightweight Travel Backpack,28-01-2026,4080.76
926,Rice Cakes,04-11-2025,3426.92
927,Chili Con Carne Mix,24-10-2025,4310.15
928,Portable Jump Starter,08-12-2025,3879.89
929,Kitchen Scale,02-02-2026,4785.63
930,Savory Oats,24-12-2025,4902.88
931,Board Game Storage,19-08-2025,4612.63
932,Greek Yogurt,03-03-2026,4675.63
933,Tropical Fruit Bowl,26-09-2025,2148.51
934,Body Wash,14-12-2025,3624.81
935,Pepper Jack Cheese Sticks,30-04-2026,4105.16
936,Nordic Berry Smoothie,29-11-2025,2068.25
937,Fitness Balance Ball,09-02-2026,660.97
938,Cabbage Slaw Mix,06-07-2026,3115.43
939,Cereal Dispenser with Portion Control,07-09-2025,381.09
940,Salsa Verde,17-05-2026,2528.99
941,Basil Lemonade,23-01-2026,2059.71
942,Compact Umbrella,09-01-2026,4485.24
943,Coconut Almond Granola,13-12-2025,3136.13
944,Hot Dog Buns,24-01-2026,4278.31
945,Organic Cucumber,25-02-2026,1809.26
946,Electric Griddle with Lid,10-12-2025,1781.39
947,Almond Crunch Granola Bars,13-01-2026,1956.72
948,Organic Vanilla Bean Ice Cream,12-06-2026,138.63
949,Chocolate Mint Protein Shake,24-09-2025,327.69
950,Eggs (dozen),24-02-2026,1511.38
951,Set of Measuring Spoons,20-12-2025,2907.75
952,Shower Curtain Hooks,19-02-2026,4325.09
953,Self-Cleaning Cat Litter Box,27-03-2026,470.54
954,Pet Activity Tracker,06-06-2026,456.19
955,Outdoor Fire Pit,27-08-2025,3871.53
956,Ceramic Non-Stick Frying Pan,23-02-2026,46.01
957,Creamy Avocado Dip,04-05-2026,2860.89
958,Brown Rice,21-12-2025,4922.28
959,Smartphone UV Sanitizer,09-11-2025,4684.09
960,Folding Backpack Chair,13-07-2026,3386.79
961,Organic Apples,06-01-2026,3966.55
962,Ceramic Cookware Set,12-12-2025,4963.80
963,Stainless Steel BBQ Grill Set,30-07-2026,3808.03
964,Tuna Fish (canned),18-02-2026,3838.64
965,Classic Caesar Dressing,22-04-2026,4394.99
966,Adjustable Kneeling Pad,14-01-2026,2075.98
967,Plant Growing Kit,12-11-2025,3599.54
968,Memory Foam Mattress Topper,31-03-2026,1679.48
969,Flavored Popcorn Mix,03-03-2026,2140.19
970,Car Vacuum Cleaner,26-12-2025,830.69
971,Buffalo Stilton Cheese,29-05-2026,408.12
972,Chia Seed Pudding Mix,20-11-2025,2709.38
973,Pleated Midi Dress,16-08-2025,712.76
974,Interactive Robot Toy,13-02-2026,4232.07
975,Personal Blender,11-07-2026,3206.16
976,Sweet Potatoes (organic),24-08-2025,1077.44
977,Lemon Garlic Shrimp,13-06-2026,4493.40
978,Caramel Apple Taffy,27-04-2026,4881.04
979,Maple Syrup,22-09-2025,1691.83
980,Energy Protein Bars,19-06-2026,2569.35
981,Wine Decanter,14-02-2026,2252.97
982,Coconut Curry Chicken,03-09-2025,3681.53
983,Non-Stick Baking Sheet,04-07-2026,4712.25
984,Organic Coconut Sugar,14-04-2026,3541.81
985,Pet Training Clicker,02-11-2025,915.98
986,Bamboo Utensil Set,13-01-2026,152.82
987,Mechanical Keyboard,14-11-2025,3410.83
988,Shoe Organizer,05-07-2026,1420.11
989,Electronic Drum Kit,11-01-2026,2778.86
990,Portable Charcoal Grill,02-07-2026,3456.03
991,Home Brewing Starter Kit,07-07-2026,3084.20
992,Multi-Layer Food Steamer,25-07-2026,4743.35
993,Cheesy Cauliflower Bake,17-01-2026,2975.25
994,Lightweight Travel Backpack,12-07-2026,3658.69
995,Coconut Milk,01-08-2026,2988.96
996,Organic Tomato Soup,11-07-2026,756.43
997,Brown Sugar,21-04-2026,4312.26
998,Bluetooth Tracker,12-04-2026,1342.21
999,Laptop Backpack,19-07-2026,3783.90
1000,Homemade Salsa,29-01-2026,4305.75